label,full_r10,full_mrr10,complex_r10,complex_mrr10,abbrev_r10,abbrev_mrr10
seal_mvp02_dense,0.37894736842105264,0.25544834307992204,0.3950617283950617,0.2961280945848847,0.3712574850299401,0.24972594493552577
